date,symbol,side,entry,sl,target,exit,pnl
2024-01-01 09:15:00,NIFTY24SEP24000CE,BUY,322.47,315.02,335.26,311.56,-10.9
2024-01-01 09:18:00,NIFTY24SEP24000CE,SELL,109.53,103.6,124.19,118.62,-9.08
2024-01-01 09:21:00,NIFTY24SEP24000PE,SELL,166.13,155.24,192.32,151.39,14.74
2024-01-01 09:24:00,NIFTY24SEP24000PE,SELL,202.08,195.52,231.22,200.54,1.54
2024-01-01 09:27:00,NIFTY24SEP24000CE,SELL,129.01,115.54,151.09,146.3,-17.29
2024-01-02 09:30:00,BANKNIFTY24SEP45000PE,BUY,391.93,383.15,412.98,410.11,18.18
2024-01-02 09:33:00,BANKNIFTY24SEP45000CE,BUY,311.37,305.91,325.93,307.95,-3.42
2024-01-02 09:36:00,NIFTY24SEP24000CE,BUY,359.95,351.14,379.01,378.31,18.36
2024-01-02 09:39:00,NIFTY24SEP24000PE,SELL,206.58,194.88,230.62,218.92,-12.34
2024-01-02 09:42:00,NIFTY24SEP24000CE,BUY,260.24,252.79,279.49,256.04,-4.2
2024-01-03 09:45:00,NIFTY24SEP24000PE,SELL,352.86,340.1,367.44,339.14,13.72
2024-01-03 09:48:00,BANKNIFTY24SEP45000CE,SELL,180.32,173.21,209.18,200.38,-20.05
2024-01-03 09:51:00,BANKNIFTY24SEP45000CE,BUY,296.63,287.68,324.92,299.99,3.35
2024-01-03 09:54:00,BANKNIFTY24SEP45000CE,BUY,173.99,163.37,189.24,182.37,8.38
2024-01-03 09:57:00,BANKNIFTY24SEP45000PE,SELL,165.8,150.82,185.99,154.43,11.36
2024-01-04 10:00:00,NIFTY24SEP24000CE,BUY,145.85,139.25,169.46,154.71,8.86
2024-01-04 10:03:00,BANKNIFTY24SEP45000PE,SELL,278.77,269.09,293.79,285.9,-7.13
2024-01-04 10:06:00,NIFTY24SEP24000CE,BUY,304.51,294.14,319.85,315.15,10.64
2024-01-04 10:09:00,NIFTY24SEP24000CE,SELL,230.43,220.89,259.51,250.46,-20.03
2024-01-04 10:12:00,BANKNIFTY24SEP45000CE,BUY,252.3,246.24,274.81,270.97,18.67
2024-01-05 10:15:00,NIFTY24SEP24000PE,BUY,212.17,205.56,241.24,234.07,21.9
2024-01-05 10:18:00,NIFTY24SEP24000CE,SELL,246.58,240.46,263.84,270.99,-24.41
2024-01-05 10:21:00,BANKNIFTY24SEP45000CE,BUY,117.38,103.6,146.32,105.8,-11.57
2024-01-05 10:24:00,BANKNIFTY24SEP45000PE,BUY,393.4,383.07,405.91,404.79,11.39
2024-01-05 10:27:00,NIFTY24SEP24000PE,SELL,258.3,247.24,287.59,280.46,-22.16
2024-01-06 10:30:00,NIFTY24SEP24000PE,SELL,219.7,207.98,237.17,240.68,-20.98
2024-01-06 10:33:00,BANKNIFTY24SEP45000PE,BUY,174.37,168.73,184.79,181.53,7.16
2024-01-06 10:36:00,NIFTY24SEP24000PE,BUY,121.3,109.99,135.88,142.51,21.22
2024-01-06 10:39:00,BANKNIFTY24SEP45000CE,BUY,254.25,246.46,273.96,260.82,6.57
2024-01-06 10:42:00,BANKNIFTY24SEP45000PE,BUY,335.39,322.31,349.19,324.26,-11.12
2024-01-07 10:45:00,BANKNIFTY24SEP45000PE,SELL,227.07,217.4,251.66,239.01,-11.93
2024-01-07 10:48:00,NIFTY24SEP24000CE,BUY,220.79,212.39,248.02,215.73,-5.05
2024-01-07 10:51:00,NIFTY24SEP24000PE,SELL,142.05,135.22,161.31,162.03,-19.98
2024-01-07 10:54:00,NIFTY24SEP24000CE,SELL,342.41,328.85,354.36,353.49,-11.09
2024-01-07 10:57:00,NIFTY24SEP24000CE,BUY,377.91,364.42,391.24,382.34,4.43
2024-01-08 11:00:00,NIFTY24SEP24000PE,SELL,370.73,364.09,380.78,371.35,-0.62
2024-01-08 11:03:00,BANKNIFTY24SEP45000PE,SELL,226.9,212.33,256.81,234.13,-7.23
2024-01-08 11:06:00,BANKNIFTY24SEP45000PE,BUY,156.97,149.79,168.14,171.4,14.43
2024-01-08 11:09:00,NIFTY24SEP24000CE,SELL,117.15,106.31,137.21,136.26,-19.11
2024-01-08 11:12:00,NIFTY24SEP24000PE,BUY,388.23,382.43,401.95,397.04,8.8
2024-01-09 11:15:00,NIFTY24SEP24000PE,SELL,135.97,122.06,150.89,144.75,-8.78
2024-01-09 11:18:00,NIFTY24SEP24000CE,SELL,297.21,286.56,313.54,292.64,4.57
2024-01-09 11:21:00,BANKNIFTY24SEP45000CE,BUY,179.68,173.38,202.59,182.97,3.29
2024-01-09 11:24:00,NIFTY24SEP24000CE,BUY,237.49,222.5,267.41,225.42,-12.07
2024-01-09 11:27:00,NIFTY24SEP24000PE,SELL,139.74,131.25,151.11,134.51,5.23
2024-01-10 11:30:00,BANKNIFTY24SEP45000CE,BUY,231.46,221.02,247.51,255.81,24.35
2024-01-10 11:33:00,NIFTY24SEP24000CE,SELL,379.53,373.49,407.09,375.11,4.42
2024-01-10 11:36:00,NIFTY24SEP24000CE,BUY,181.7,170.66,206.06,174.85,-6.86
2024-01-10 11:39:00,BANKNIFTY24SEP45000CE,SELL,175.34,161.25,186.35,185.71,-10.37
2024-01-10 11:42:00,BANKNIFTY24SEP45000CE,BUY,101.06,88.35,123.81,96.54,-4.52
2024-01-11 11:45:00,BANKNIFTY24SEP45000PE,SELL,268.27,262.15,297.17,280.91,-12.64
2024-01-11 11:48:00,NIFTY24SEP24000PE,BUY,350.38,339.55,363.34,340.48,-9.9
2024-01-11 11:51:00,BANKNIFTY24SEP45000CE,SELL,369.69,356.73,396.91,390.65,-20.96
2024-01-11 11:54:00,NIFTY24SEP24000PE,BUY,300.08,291.54,321.28,320.07,19.99
2024-01-11 11:57:00,NIFTY24SEP24000PE,BUY,359.38,344.62,385.6,379.64,20.26
2024-01-12 12:00:00,NIFTY24SEP24000CE,BUY,320.97,312.65,349.59,338.06,17.09
2024-01-12 12:03:00,NIFTY24SEP24000PE,SELL,147.76,135.75,165.41,134.31,13.45
2024-01-12 12:06:00,BANKNIFTY24SEP45000PE,BUY,159.87,145.69,176.87,177.69,17.82
2024-01-12 12:09:00,NIFTY24SEP24000PE,BUY,107.1,100.17,123.66,126.67,19.57
2024-01-12 12:12:00,BANKNIFTY24SEP45000CE,SELL,292.44,283.45,322.07,298.89,-6.45
2024-01-13 12:15:00,NIFTY24SEP24000CE,BUY,363.11,355.5,384.72,387.45,24.34
2024-01-13 12:18:00,NIFTY24SEP24000CE,BUY,278.97,270.51,304.7,281.43,2.46
2024-01-13 12:21:00,NIFTY24SEP24000CE,SELL,369.85,362.95,380.74,372.29,-2.44
2024-01-13 12:24:00,NIFTY24SEP24000PE,SELL,229.39,214.9,257.8,239.32,-9.93
2024-01-13 12:27:00,NIFTY24SEP24000CE,SELL,252.14,240.47,268.66,265.03,-12.89
2024-01-14 12:30:00,NIFTY24SEP24000PE,BUY,226.13,211.73,249.68,247.25,21.11
2024-01-14 12:33:00,BANKNIFTY24SEP45000CE,SELL,264.38,259.38,280.12,266.58,-2.2
2024-01-14 12:36:00,BANKNIFTY24SEP45000CE,SELL,232.54,220.78,252.76,249.29,-16.75
2024-01-14 12:39:00,NIFTY24SEP24000PE,BUY,185.14,173.5,207.52,173.87,-11.26
2024-01-14 12:42:00,NIFTY24SEP24000PE,SELL,167.39,160.4,177.88,162.19,5.21
2024-01-15 12:45:00,BANKNIFTY24SEP45000PE,BUY,236.62,222.76,258.14,250.36,13.73
2024-01-15 12:48:00,BANKNIFTY24SEP45000PE,SELL,219.9,213.42,243.65,240.6,-20.71
2024-01-15 12:51:00,NIFTY24SEP24000CE,SELL,165.65,152.61,189.57,169.23,-3.58
2024-01-15 12:54:00,NIFTY24SEP24000PE,BUY,236.94,223.92,260.29,261.45,24.52
2024-01-15 12:57:00,BANKNIFTY24SEP45000CE,SELL,283.8,271.6,303.89,302.02,-18.22
2024-01-16 13:00:00,BANKNIFTY24SEP45000PE,BUY,323.1,313.35,338.28,317.99,-5.11
2024-01-16 13:03:00,BANKNIFTY24SEP45000CE,SELL,288.02,280.28,299.57,284.45,3.57
2024-01-16 13:06:00,BANKNIFTY24SEP45000CE,SELL,195.91,185.51,208.68,190.16,5.75
2024-01-16 13:09:00,NIFTY24SEP24000PE,BUY,119.27,110.19,140.12,120.9,1.63
2024-01-16 13:12:00,NIFTY24SEP24000PE,SELL,216.84,204.15,245.76,202.62,14.22
2024-01-17 13:15:00,BANKNIFTY24SEP45000PE,SELL,101.77,93.25,126.84,120.91,-19.14
2024-01-17 13:18:00,BANKNIFTY24SEP45000PE,BUY,246.47,238.74,266.18,247.02,0.55
2024-01-17 13:21:00,BANKNIFTY24SEP45000PE,BUY,352.15,337.96,381.77,358.52,6.36
2024-01-17 13:24:00,BANKNIFTY24SEP45000PE,BUY,125.18,115.9,152.52,117.45,-7.73
2024-01-17 13:27:00,BANKNIFTY24SEP45000CE,SELL,198.21,188.66,214.96,218.39,-20.19
2024-01-18 13:30:00,BANKNIFTY24SEP45000CE,SELL,175.68,169.86,186.07,182.26,-6.58
2024-01-18 13:33:00,BANKNIFTY24SEP45000CE,BUY,295.04,282.23,318.08,310.21,15.17
2024-01-18 13:36:00,NIFTY24SEP24000PE,BUY,351.77,340.56,366.54,355.71,3.94
2024-01-18 13:39:00,NIFTY24SEP24000CE,BUY,239.51,231.95,256.89,248.75,9.24
2024-01-18 13:42:00,NIFTY24SEP24000CE,BUY,389.42,383.34,399.93,386.89,-2.52
2024-01-19 13:45:00,BANKNIFTY24SEP45000PE,SELL,382.44,375.46,404.28,400.66,-18.22
2024-01-19 13:48:00,NIFTY24SEP24000PE,BUY,309.16,301.14,332.84,326.38,17.22
2024-01-19 13:51:00,NIFTY24SEP24000CE,SELL,259.82,248.21,271.2,270.73,-10.9
2024-01-19 13:54:00,NIFTY24SEP24000CE,SELL,346.7,340.64,375.92,357.12,-10.42
2024-01-19 13:57:00,BANKNIFTY24SEP45000PE,BUY,230.65,218.31,259.96,226.45,-4.2
2024-01-20 14:00:00,BANKNIFTY24SEP45000PE,SELL,230.67,218.36,246.04,249.74,-19.07
2024-01-20 14:03:00,NIFTY24SEP24000CE,SELL,364.49,357.05,383.78,373.9,-9.41
2024-01-20 14:06:00,BANKNIFTY24SEP45000PE,SELL,108.61,95.1,122.25,102.09,6.52
2024-01-20 14:09:00,BANKNIFTY24SEP45000CE,SELL,183.9,172.94,211.5,191.13,-7.23
2024-01-20 14:12:00,NIFTY24SEP24000PE,BUY,172.41,163.34,193.51,167.02,-5.39
2024-01-21 14:15:00,BANKNIFTY24SEP45000PE,SELL,234.45,229.28,250.34,235.63,-1.18
2024-01-21 14:18:00,NIFTY24SEP24000PE,SELL,299.19,290.5,320.26,297.94,1.25
2024-01-21 14:21:00,BANKNIFTY24SEP45000CE,SELL,310.86,303.15,325.88,300.68,10.17
2024-01-21 14:24:00,NIFTY24SEP24000PE,SELL,135.87,125.51,161.11,128.27,7.59
2024-01-21 14:27:00,NIFTY24SEP24000PE,SELL,182.95,172.05,208.15,191.82,-8.87
2024-01-22 14:30:00,NIFTY24SEP24000CE,BUY,188.87,180.27,204.92,202.19,13.32
2024-01-22 14:33:00,NIFTY24SEP24000PE,SELL,113.65,108.11,129.5,136.42,-22.76
2024-01-22 14:36:00,BANKNIFTY24SEP45000PE,BUY,361.82,351.08,381.2,364.43,2.62
2024-01-22 14:39:00,NIFTY24SEP24000PE,BUY,175.74,162.13,188.03,163.36,-12.39
2024-01-22 14:42:00,BANKNIFTY24SEP45000PE,BUY,273.11,261.24,286.14,290.55,17.45
2024-01-23 14:45:00,BANKNIFTY24SEP45000CE,BUY,398.18,391.99,423.46,407.43,9.25
2024-01-23 14:48:00,NIFTY24SEP24000PE,SELL,235.15,225.73,262.36,259.76,-24.6
2024-01-23 14:51:00,BANKNIFTY24SEP45000CE,BUY,282.89,270.49,311.84,276.2,-6.69
2024-01-23 14:54:00,NIFTY24SEP24000PE,SELL,298.13,291.56,311.6,286.13,12.0
2024-01-23 14:57:00,NIFTY24SEP24000CE,SELL,235.15,224.21,250.98,229.41,5.74
2024-01-24 15:00:00,BANKNIFTY24SEP45000CE,SELL,121.35,114.02,136.65,138.0,-16.65
2024-01-24 15:03:00,NIFTY24SEP24000PE,SELL,134.43,127.18,147.41,130.06,4.37
2024-01-24 15:06:00,NIFTY24SEP24000PE,BUY,117.89,104.97,139.79,135.86,17.97
2024-01-24 15:09:00,BANKNIFTY24SEP45000CE,SELL,137.31,125.42,161.3,160.01,-22.71
2024-01-24 15:12:00,BANKNIFTY24SEP45000PE,SELL,124.13,118.73,142.77,122.03,2.11
2024-01-25 09:15:00,BANKNIFTY24SEP45000CE,BUY,127.4,112.78,154.12,135.41,8.01
2024-01-25 09:18:00,NIFTY24SEP24000CE,SELL,272.87,260.24,286.38,278.63,-5.76
2024-01-25 09:21:00,BANKNIFTY24SEP45000PE,SELL,154.45,143.59,177.14,159.12,-4.67
2024-01-25 09:24:00,NIFTY24SEP24000CE,SELL,204.39,196.06,227.79,223.7,-19.31
2024-01-25 09:27:00,BANKNIFTY24SEP45000CE,SELL,308.1,300.22,337.01,325.64,-17.54
2024-01-26 09:30:00,NIFTY24SEP24000CE,SELL,126.42,118.89,138.74,142.32,-15.9
2024-01-26 09:33:00,NIFTY24SEP24000CE,SELL,223.97,217.1,241.21,239.23,-15.26
2024-01-26 09:36:00,BANKNIFTY24SEP45000PE,BUY,161.07,150.58,189.62,163.59,2.52
2024-01-26 09:39:00,BANKNIFTY24SEP45000PE,BUY,108.66,97.36,134.65,122.05,13.39
2024-01-26 09:42:00,BANKNIFTY24SEP45000CE,BUY,265.68,259.74,295.52,287.19,21.52
2024-01-27 09:45:00,BANKNIFTY24SEP45000PE,BUY,294.31,287.77,322.97,290.99,-3.33
2024-01-27 09:48:00,BANKNIFTY24SEP45000CE,SELL,350.42,335.61,365.29,357.47,-7.05
2024-01-27 09:51:00,BANKNIFTY24SEP45000PE,BUY,376.56,366.48,404.15,396.12,19.56
2024-01-27 09:54:00,BANKNIFTY24SEP45000CE,SELL,201.96,189.09,217.31,187.07,14.9
2024-01-27 09:57:00,BANKNIFTY24SEP45000CE,SELL,359.58,350.11,379.27,357.88,1.7
2024-01-28 10:00:00,BANKNIFTY24SEP45000PE,SELL,379.86,366.16,409.47,374.41,5.45
2024-01-28 10:03:00,BANKNIFTY24SEP45000PE,BUY,356.8,347.7,373.17,360.72,3.92
2024-01-28 10:06:00,BANKNIFTY24SEP45000PE,SELL,396.52,383.6,419.56,387.61,8.92
2024-01-28 10:09:00,NIFTY24SEP24000CE,BUY,250.69,239.79,278.08,270.65,19.97
2024-01-28 10:12:00,BANKNIFTY24SEP45000PE,BUY,257.79,248.22,282.23,259.18,1.4
2024-01-29 10:15:00,NIFTY24SEP24000PE,BUY,240.85,226.16,257.62,253.56,12.71
2024-01-29 10:18:00,NIFTY24SEP24000CE,SELL,355.7,342.11,373.3,353.37,2.33
2024-01-29 10:21:00,BANKNIFTY24SEP45000PE,BUY,285.24,277.89,308.93,281.73,-3.5
2024-01-29 10:24:00,NIFTY24SEP24000PE,BUY,230.19,224.21,252.87,250.09,19.9
2024-01-29 10:27:00,BANKNIFTY24SEP45000PE,BUY,308.2,294.17,319.12,325.05,16.85
2024-01-30 10:30:00,BANKNIFTY24SEP45000CE,SELL,212.45,206.0,233.08,220.09,-7.64
2024-01-30 10:33:00,NIFTY24SEP24000PE,BUY,152.52,141.43,170.17,164.85,12.33
2024-01-30 10:36:00,BANKNIFTY24SEP45000PE,BUY,169.66,158.28,188.85,181.33,11.67
2024-01-30 10:39:00,BANKNIFTY24SEP45000PE,SELL,303.28,296.7,322.12,302.11,1.18
2024-01-30 10:42:00,BANKNIFTY24SEP45000CE,SELL,307.09,297.53,323.14,332.07,-24.97
2024-01-31 10:45:00,BANKNIFTY24SEP45000PE,BUY,171.16,160.44,192.66,195.87,24.71
2024-01-31 10:48:00,BANKNIFTY24SEP45000CE,BUY,393.38,381.8,408.87,401.02,7.64
2024-01-31 10:51:00,NIFTY24SEP24000CE,SELL,349.85,335.82,375.37,344.06,5.8
2024-01-31 10:54:00,BANKNIFTY24SEP45000CE,BUY,290.99,279.78,314.54,304.82,13.84
2024-01-31 10:57:00,NIFTY24SEP24000PE,BUY,371.02,359.56,387.2,373.65,2.63
2024-02-01 11:00:00,BANKNIFTY24SEP45000CE,BUY,127.04,119.09,151.99,119.07,-7.97
2024-02-01 11:03:00,NIFTY24SEP24000PE,SELL,259.26,245.12,285.87,254.53,4.72
2024-02-01 11:06:00,BANKNIFTY24SEP45000PE,SELL,323.97,315.58,336.27,347.48,-23.52
2024-02-01 11:09:00,NIFTY24SEP24000PE,BUY,358.04,345.8,387.64,381.73,23.69
2024-02-01 11:12:00,BANKNIFTY24SEP45000CE,BUY,337.2,332.07,357.94,340.4,3.19
2024-02-02 11:15:00,BANKNIFTY24SEP45000CE,SELL,346.73,332.32,358.89,341.08,5.65
2024-02-02 11:18:00,NIFTY24SEP24000CE,SELL,374.58,367.36,385.84,392.53,-17.95
2024-02-02 11:21:00,BANKNIFTY24SEP45000CE,SELL,135.0,129.55,145.75,159.84,-24.84
2024-02-02 11:24:00,NIFTY24SEP24000CE,BUY,170.44,160.06,188.21,170.28,-0.16
2024-02-02 11:27:00,BANKNIFTY24SEP45000PE,BUY,365.62,354.07,392.3,375.25,9.63
2024-02-03 11:30:00,BANKNIFTY24SEP45000CE,BUY,307.08,299.91,325.98,301.53,-5.56
2024-02-03 11:33:00,BANKNIFTY24SEP45000CE,BUY,394.28,385.6,422.31,405.07,10.79
2024-02-03 11:36:00,NIFTY24SEP24000CE,SELL,182.76,168.08,211.74,200.73,-17.97
2024-02-03 11:39:00,NIFTY24SEP24000CE,BUY,292.51,281.54,302.94,308.98,16.47
2024-02-03 11:42:00,NIFTY24SEP24000PE,BUY,336.09,329.04,362.69,343.26,7.17
2024-02-04 11:45:00,NIFTY24SEP24000PE,BUY,198.57,192.09,226.58,183.68,-14.89
2024-02-04 11:48:00,NIFTY24SEP24000PE,BUY,262.06,249.08,274.26,281.72,19.66
2024-02-04 11:51:00,NIFTY24SEP24000PE,BUY,207.47,194.59,229.25,193.1,-14.37
2024-02-04 11:54:00,BANKNIFTY24SEP45000CE,BUY,138.03,128.82,150.3,125.57,-12.46
2024-02-04 11:57:00,BANKNIFTY24SEP45000PE,SELL,253.97,247.88,274.05,276.79,-22.82
2024-02-05 12:00:00,NIFTY24SEP24000CE,SELL,237.41,222.77,248.63,241.57,-4.16
2024-02-05 12:03:00,BANKNIFTY24SEP45000PE,SELL,305.83,295.93,334.02,293.77,12.06
2024-02-05 12:06:00,NIFTY24SEP24000CE,SELL,282.49,276.83,297.99,292.81,-10.32
2024-02-05 12:09:00,BANKNIFTY24SEP45000CE,SELL,398.39,388.08,417.46,407.61,-9.22
2024-02-05 12:12:00,NIFTY24SEP24000CE,BUY,355.84,344.33,381.22,369.67,13.83
2024-02-06 12:15:00,NIFTY24SEP24000PE,SELL,235.47,228.18,252.25,238.61,-3.14
2024-02-06 12:18:00,BANKNIFTY24SEP45000PE,BUY,193.76,185.64,208.86,216.91,23.14
2024-02-06 12:21:00,BANKNIFTY24SEP45000PE,BUY,127.37,121.51,146.0,142.15,14.78
2024-02-06 12:24:00,BANKNIFTY24SEP45000CE,BUY,266.91,256.05,288.14,265.1,-1.81
2024-02-06 12:27:00,NIFTY24SEP24000CE,SELL,206.08,194.43,231.09,225.8,-19.72
2024-02-07 12:30:00,NIFTY24SEP24000CE,SELL,280.12,271.61,301.68,273.63,6.49
2024-02-07 12:33:00,BANKNIFTY24SEP45000PE,BUY,354.18,345.68,375.31,343.78,-10.4
2024-02-07 12:36:00,BANKNIFTY24SEP45000CE,BUY,342.17,328.71,371.66,359.9,17.74
2024-02-07 12:39:00,NIFTY24SEP24000CE,SELL,108.69,100.95,133.93,130.55,-21.86
2024-02-07 12:42:00,BANKNIFTY24SEP45000CE,BUY,154.42,147.99,177.57,142.21,-12.22
2024-02-08 12:45:00,NIFTY24SEP24000CE,BUY,323.83,316.68,342.23,322.47,-1.36
2024-02-08 12:48:00,BANKNIFTY24SEP45000CE,SELL,316.48,303.71,337.83,304.88,11.6
2024-02-08 12:51:00,NIFTY24SEP24000CE,BUY,147.22,136.04,170.7,143.11,-4.12
2024-02-08 12:54:00,BANKNIFTY24SEP45000PE,SELL,282.12,272.98,296.43,287.62,-5.49
2024-02-08 12:57:00,BANKNIFTY24SEP45000CE,SELL,133.27,121.48,155.13,139.34,-6.08
2024-02-09 13:00:00,BANKNIFTY24SEP45000CE,BUY,166.16,151.31,177.25,159.33,-6.82
2024-02-09 13:03:00,NIFTY24SEP24000PE,BUY,329.25,321.35,341.65,334.14,4.9
2024-02-09 13:06:00,BANKNIFTY24SEP45000PE,BUY,138.76,128.43,153.36,146.1,7.35
2024-02-09 13:09:00,BANKNIFTY24SEP45000CE,BUY,219.12,206.7,237.85,222.51,3.39
2024-02-09 13:12:00,NIFTY24SEP24000CE,SELL,272.73,261.99,296.92,274.44,-1.71
2024-02-10 13:15:00,NIFTY24SEP24000CE,SELL,106.26,98.01,132.28,115.98,-9.73
2024-02-10 13:18:00,BANKNIFTY24SEP45000CE,BUY,231.01,224.95,249.73,232.03,1.02
2024-02-10 13:21:00,NIFTY24SEP24000CE,SELL,361.16,348.7,375.59,377.32,-16.16
2024-02-10 13:24:00,NIFTY24SEP24000CE,BUY,259.18,252.24,284.71,258.23,-0.96
2024-02-10 13:27:00,NIFTY24SEP24000PE,BUY,130.84,123.28,144.31,121.96,-8.89
2024-02-11 13:30:00,NIFTY24SEP24000CE,BUY,385.39,374.11,404.67,392.94,7.55
2024-02-11 13:33:00,BANKNIFTY24SEP45000PE,SELL,359.27,348.0,372.29,347.01,12.27
2024-02-11 13:36:00,BANKNIFTY24SEP45000PE,SELL,338.9,327.98,355.94,326.87,12.03
2024-02-11 13:39:00,BANKNIFTY24SEP45000PE,SELL,111.28,102.59,127.02,122.07,-10.79
2024-02-11 13:42:00,NIFTY24SEP24000CE,SELL,238.81,228.27,264.65,259.65,-20.84
2024-02-12 13:45:00,BANKNIFTY24SEP45000PE,BUY,196.46,186.7,209.48,183.93,-12.53
2024-02-12 13:48:00,NIFTY24SEP24000CE,SELL,394.72,388.87,417.64,381.28,13.43
2024-02-12 13:51:00,BANKNIFTY24SEP45000PE,SELL,257.22,246.12,274.5,278.94,-21.72
2024-02-12 13:54:00,BANKNIFTY24SEP45000PE,SELL,332.34,320.55,343.39,342.57,-10.24
2024-02-12 13:57:00,BANKNIFTY24SEP45000CE,BUY,198.91,188.33,216.64,193.99,-4.92
2024-02-13 14:00:00,NIFTY24SEP24000PE,SELL,124.45,112.81,152.79,121.86,2.59
2024-02-13 14:03:00,BANKNIFTY24SEP45000PE,BUY,278.51,264.13,294.7,278.58,0.07
2024-02-13 14:06:00,BANKNIFTY24SEP45000CE,BUY,301.03,287.75,325.81,313.45,12.42
2024-02-13 14:09:00,NIFTY24SEP24000CE,SELL,252.55,247.36,268.72,275.59,-23.05
2024-02-13 14:12:00,BANKNIFTY24SEP45000CE,SELL,157.6,142.6,170.7,154.43,3.17
2024-02-14 14:15:00,NIFTY24SEP24000CE,BUY,298.58,284.81,320.94,307.47,8.89
2024-02-14 14:18:00,NIFTY24SEP24000PE,BUY,154.25,142.33,176.75,175.36,21.11
2024-02-14 14:21:00,BANKNIFTY24SEP45000PE,BUY,223.26,211.49,238.01,226.03,2.77
2024-02-14 14:24:00,BANKNIFTY24SEP45000CE,SELL,170.2,162.81,199.51,186.58,-16.37
2024-02-14 14:27:00,NIFTY24SEP24000PE,SELL,303.49,292.79,322.3,319.27,-15.78
2024-02-15 14:30:00,BANKNIFTY24SEP45000PE,SELL,389.88,376.71,415.91,380.42,9.46
2024-02-15 14:33:00,BANKNIFTY24SEP45000CE,BUY,292.35,278.61,313.44,281.46,-10.9
2024-02-15 14:36:00,NIFTY24SEP24000CE,SELL,125.16,118.56,144.15,130.7,-5.53
2024-02-15 14:39:00,BANKNIFTY24SEP45000PE,BUY,383.92,376.7,402.95,382.91,-1.02
2024-02-15 14:42:00,NIFTY24SEP24000CE,SELL,115.98,105.96,130.69,140.76,-24.78
2024-02-16 14:45:00,BANKNIFTY24SEP45000CE,BUY,108.46,94.15,135.24,119.45,11.0
2024-02-16 14:48:00,NIFTY24SEP24000PE,BUY,111.49,97.32,130.94,129.74,18.24
2024-02-16 14:51:00,BANKNIFTY24SEP45000PE,SELL,284.6,270.55,294.98,278.23,6.37
2024-02-16 14:54:00,NIFTY24SEP24000PE,SELL,133.36,125.48,149.38,120.27,13.09
2024-02-16 14:57:00,BANKNIFTY24SEP45000PE,SELL,118.84,105.48,138.84,125.28,-6.44
2024-02-17 15:00:00,NIFTY24SEP24000PE,BUY,187.38,182.37,204.44,195.21,7.83
2024-02-17 15:03:00,NIFTY24SEP24000PE,BUY,257.05,248.44,286.11,263.81,6.76
2024-02-17 15:06:00,NIFTY24SEP24000CE,SELL,362.0,356.56,379.74,361.93,0.07
2024-02-17 15:09:00,NIFTY24SEP24000CE,SELL,336.56,328.11,361.21,346.69,-10.13
2024-02-17 15:12:00,BANKNIFTY24SEP45000CE,BUY,113.3,102.84,139.57,105.3,-8.0
2024-02-18 09:15:00,BANKNIFTY24SEP45000PE,SELL,289.52,276.41,300.78,305.57,-16.05
2024-02-18 09:18:00,BANKNIFTY24SEP45000PE,BUY,188.03,182.59,202.02,174.71,-13.32
2024-02-18 09:21:00,BANKNIFTY24SEP45000CE,SELL,396.74,386.31,411.8,411.87,-15.13
2024-02-18 09:24:00,NIFTY24SEP24000PE,SELL,207.09,194.28,234.41,205.37,1.72
2024-02-18 09:27:00,NIFTY24SEP24000CE,SELL,231.09,222.09,249.88,254.34,-23.26
2024-02-19 09:30:00,BANKNIFTY24SEP45000CE,BUY,248.86,238.89,277.35,254.63,5.77
2024-02-19 09:33:00,NIFTY24SEP24000CE,SELL,123.68,112.65,150.12,130.5,-6.82
2024-02-19 09:36:00,BANKNIFTY24SEP45000CE,BUY,124.02,112.41,140.15,133.13,9.1
2024-02-19 09:39:00,BANKNIFTY24SEP45000PE,BUY,306.93,298.41,317.78,326.73,19.8
2024-02-19 09:42:00,BANKNIFTY24SEP45000CE,SELL,182.37,167.57,211.32,170.37,12.0
2024-02-20 09:45:00,BANKNIFTY24SEP45000PE,SELL,253.93,241.43,267.13,240.17,13.75
2024-02-20 09:48:00,BANKNIFTY24SEP45000PE,BUY,137.87,130.51,160.77,137.36,-0.51
2024-02-20 09:51:00,NIFTY24SEP24000CE,BUY,303.72,289.23,321.16,319.24,15.52
2024-02-20 09:54:00,NIFTY24SEP24000PE,SELL,219.41,207.91,234.4,208.95,10.46
2024-02-20 09:57:00,NIFTY24SEP24000PE,SELL,255.32,241.19,267.68,271.32,-16.0
2024-02-21 10:00:00,BANKNIFTY24SEP45000PE,BUY,398.91,391.05,427.24,403.56,4.65
2024-02-21 10:03:00,NIFTY24SEP24000CE,BUY,355.85,346.33,383.82,358.65,2.8
2024-02-21 10:06:00,NIFTY24SEP24000CE,SELL,300.35,288.26,321.35,296.97,3.39
2024-02-21 10:09:00,BANKNIFTY24SEP45000CE,BUY,313.54,299.27,336.3,330.29,16.75
2024-02-21 10:12:00,NIFTY24SEP24000PE,BUY,395.54,382.62,410.27,400.3,4.76
2024-02-22 10:15:00,BANKNIFTY24SEP45000CE,SELL,240.22,225.39,252.82,260.59,-20.37
2024-02-22 10:18:00,NIFTY24SEP24000CE,SELL,219.45,207.28,239.02,220.88,-1.43
2024-02-22 10:21:00,BANKNIFTY24SEP45000PE,BUY,137.6,129.43,149.08,141.23,3.63
2024-02-22 10:24:00,BANKNIFTY24SEP45000CE,BUY,363.39,350.59,386.18,355.67,-7.72
2024-02-22 10:27:00,NIFTY24SEP24000PE,SELL,250.86,237.18,277.49,256.58,-5.72
2024-02-23 10:30:00,BANKNIFTY24SEP45000CE,BUY,148.59,134.24,163.1,171.49,22.9
2024-02-23 10:33:00,BANKNIFTY24SEP45000CE,BUY,175.18,163.83,196.2,165.19,-9.99
2024-02-23 10:36:00,BANKNIFTY24SEP45000CE,BUY,250.77,244.09,279.6,241.94,-8.83
2024-02-23 10:39:00,BANKNIFTY24SEP45000CE,BUY,347.57,342.29,358.48,358.23,10.66
2024-02-23 10:42:00,BANKNIFTY24SEP45000CE,BUY,330.09,320.92,352.87,335.01,4.92
2024-02-24 10:45:00,BANKNIFTY24SEP45000CE,SELL,244.88,231.84,268.58,241.78,3.1
2024-02-24 10:48:00,NIFTY24SEP24000CE,BUY,147.42,138.27,166.71,146.03,-1.39
2024-02-24 10:51:00,NIFTY24SEP24000PE,SELL,358.45,350.25,388.21,357.26,1.19
2024-02-24 10:54:00,BANKNIFTY24SEP45000PE,BUY,328.2,318.05,340.32,322.87,-5.33
2024-02-24 10:57:00,NIFTY24SEP24000CE,SELL,234.88,228.47,245.89,257.69,-22.82
2024-02-25 11:00:00,BANKNIFTY24SEP45000PE,BUY,388.81,374.78,415.08,411.16,22.35
2024-02-25 11:03:00,BANKNIFTY24SEP45000CE,BUY,328.94,318.95,349.23,333.89,4.95
2024-02-25 11:06:00,BANKNIFTY24SEP45000CE,SELL,106.95,92.5,127.06,130.62,-23.67
2024-02-25 11:09:00,NIFTY24SEP24000PE,SELL,114.6,106.78,136.55,133.31,-18.71
2024-02-25 11:12:00,BANKNIFTY24SEP45000PE,SELL,261.01,247.54,279.63,281.31,-20.3
2024-02-26 11:15:00,BANKNIFTY24SEP45000CE,SELL,209.78,200.78,231.19,202.57,7.21
2024-02-26 11:18:00,BANKNIFTY24SEP45000CE,BUY,215.9,206.4,236.9,233.92,18.01
2024-02-26 11:21:00,NIFTY24SEP24000CE,BUY,392.52,383.59,418.42,391.09,-1.44
2024-02-26 11:24:00,BANKNIFTY24SEP45000CE,BUY,159.72,149.63,179.72,146.53,-13.19
2024-02-26 11:27:00,NIFTY24SEP24000PE,SELL,341.19,331.0,354.17,361.92,-20.73
2024-02-27 11:30:00,NIFTY24SEP24000PE,SELL,379.41,371.23,397.27,389.07,-9.66
2024-02-27 11:33:00,BANKNIFTY24SEP45000CE,SELL,252.19,242.1,271.99,259.71,-7.52
2024-02-27 11:36:00,BANKNIFTY24SEP45000PE,BUY,210.51,198.77,240.11,218.86,8.35
2024-02-27 11:39:00,NIFTY24SEP24000CE,SELL,179.66,168.1,209.1,187.8,-8.14
2024-02-27 11:42:00,NIFTY24SEP24000PE,BUY,275.06,268.35,297.64,284.85,9.79
2024-02-28 11:45:00,BANKNIFTY24SEP45000PE,BUY,346.5,339.08,367.95,359.52,13.02
2024-02-28 11:48:00,NIFTY24SEP24000PE,BUY,232.31,223.12,250.57,225.47,-6.84
2024-02-28 11:51:00,BANKNIFTY24SEP45000PE,BUY,311.73,301.55,332.95,336.66,24.92
2024-02-28 11:54:00,BANKNIFTY24SEP45000PE,SELL,194.13,187.39,222.37,192.82,1.31
2024-02-28 11:57:00,BANKNIFTY24SEP45000CE,SELL,283.02,276.1,297.95,290.35,-7.32
2024-02-29 12:00:00,NIFTY24SEP24000PE,SELL,331.35,319.3,355.16,335.91,-4.56
2024-02-29 12:03:00,BANKNIFTY24SEP45000PE,SELL,268.15,253.8,292.58,264.66,3.49
2024-02-29 12:06:00,BANKNIFTY24SEP45000PE,SELL,345.51,330.97,371.61,342.13,3.38
2024-02-29 12:09:00,BANKNIFTY24SEP45000CE,BUY,203.91,194.49,219.04,208.07,4.16
2024-02-29 12:12:00,NIFTY24SEP24000PE,SELL,379.91,367.95,392.65,389.53,-9.63
2024-03-01 12:15:00,NIFTY24SEP24000PE,BUY,115.23,101.18,129.74,109.54,-5.69
2024-03-01 12:18:00,NIFTY24SEP24000CE,SELL,199.09,189.36,222.71,189.59,9.5
2024-03-01 12:21:00,NIFTY24SEP24000PE,SELL,295.87,282.06,315.38,306.89,-11.02
2024-03-01 12:24:00,BANKNIFTY24SEP45000CE,SELL,185.62,180.03,211.0,196.72,-11.09
2024-03-01 12:27:00,NIFTY24SEP24000PE,BUY,373.97,367.22,401.61,366.0,-7.97
2024-03-02 12:30:00,NIFTY24SEP24000CE,SELL,336.39,329.53,361.37,356.28,-19.89
2024-03-02 12:33:00,BANKNIFTY24SEP45000CE,BUY,102.78,92.1,114.93,127.1,24.32
2024-03-02 12:36:00,BANKNIFTY24SEP45000CE,SELL,396.73,386.3,416.61,419.27,-22.54
2024-03-02 12:39:00,BANKNIFTY24SEP45000PE,SELL,157.84,151.72,171.09,161.2,-3.36
2024-03-02 12:42:00,BANKNIFTY24SEP45000CE,BUY,104.23,95.85,120.13,116.2,11.98
2024-03-03 12:45:00,NIFTY24SEP24000PE,BUY,283.29,271.9,301.4,285.39,2.11
2024-03-03 12:48:00,BANKNIFTY24SEP45000CE,BUY,220.25,214.3,249.88,224.35,4.1
2024-03-03 12:51:00,NIFTY24SEP24000PE,BUY,178.24,170.88,203.31,201.4,23.16
2024-03-03 12:54:00,BANKNIFTY24SEP45000CE,BUY,178.47,169.87,193.19,190.18,11.71
2024-03-03 12:57:00,BANKNIFTY24SEP45000PE,SELL,147.92,136.05,176.38,168.43,-20.51
2024-03-04 13:00:00,BANKNIFTY24SEP45000CE,BUY,291.61,277.21,308.96,285.45,-6.17
2024-03-04 13:03:00,NIFTY24SEP24000PE,SELL,145.96,133.48,168.07,147.59,-1.63
2024-03-04 13:06:00,BANKNIFTY24SEP45000PE,BUY,328.56,316.75,350.47,345.05,16.49
2024-03-04 13:09:00,BANKNIFTY24SEP45000PE,SELL,123.43,112.79,134.67,130.34,-6.91
2024-03-04 13:12:00,NIFTY24SEP24000PE,BUY,149.36,135.82,168.2,161.57,12.21
2024-03-05 13:15:00,BANKNIFTY24SEP45000PE,BUY,369.67,360.21,380.78,359.94,-9.72
2024-03-05 13:18:00,BANKNIFTY24SEP45000PE,SELL,269.17,258.59,292.63,266.5,2.67
2024-03-05 13:21:00,NIFTY24SEP24000CE,SELL,176.34,171.31,190.7,164.26,12.08
2024-03-05 13:24:00,BANKNIFTY24SEP45000PE,SELL,310.12,299.7,321.32,330.88,-20.77
2024-03-05 13:27:00,BANKNIFTY24SEP45000PE,BUY,186.13,179.33,198.84,196.79,10.66
2024-03-06 13:30:00,BANKNIFTY24SEP45000PE,SELL,397.86,389.03,425.25,419.13,-21.27
2024-03-06 13:33:00,BANKNIFTY24SEP45000PE,BUY,304.82,293.2,325.61,315.96,11.14
2024-03-06 13:36:00,BANKNIFTY24SEP45000CE,BUY,153.54,143.17,174.12,167.66,14.11
2024-03-06 13:39:00,NIFTY24SEP24000PE,BUY,326.85,312.07,346.11,340.62,13.76
2024-03-06 13:42:00,BANKNIFTY24SEP45000PE,SELL,347.01,339.53,363.93,343.03,3.97
2024-03-07 13:45:00,NIFTY24SEP24000CE,BUY,342.84,333.65,368.16,363.19,20.35
2024-03-07 13:48:00,NIFTY24SEP24000CE,BUY,161.82,155.82,172.5,170.74,8.91
2024-03-07 13:51:00,NIFTY24SEP24000CE,BUY,322.16,313.14,336.85,315.85,-6.31
2024-03-07 13:54:00,NIFTY24SEP24000CE,BUY,251.17,243.28,277.48,265.43,14.26
2024-03-07 13:57:00,BANKNIFTY24SEP45000CE,SELL,171.07,157.31,200.79,176.92,-5.85
2024-03-08 14:00:00,BANKNIFTY24SEP45000PE,SELL,182.55,171.98,204.38,196.95,-14.41
2024-03-08 14:03:00,NIFTY24SEP24000PE,SELL,266.76,261.29,283.64,277.49,-10.73
2024-03-08 14:06:00,BANKNIFTY24SEP45000PE,SELL,308.89,299.81,324.89,301.25,7.64
2024-03-08 14:09:00,BANKNIFTY24SEP45000PE,BUY,354.8,346.79,378.95,372.03,17.23
2024-03-08 14:12:00,NIFTY24SEP24000CE,SELL,390.34,379.76,403.02,385.05,5.29
2024-03-09 14:15:00,NIFTY24SEP24000PE,SELL,294.01,279.79,320.95,282.71,11.3
2024-03-09 14:18:00,NIFTY24SEP24000PE,BUY,180.54,168.8,202.6,200.48,19.94
2024-03-09 14:21:00,NIFTY24SEP24000PE,BUY,243.82,230.12,260.48,267.1,23.28
2024-03-09 14:24:00,NIFTY24SEP24000CE,BUY,381.15,366.53,393.49,406.13,24.98
2024-03-09 14:27:00,BANKNIFTY24SEP45000PE,BUY,308.69,296.65,326.62,303.26,-5.43
2024-03-10 14:30:00,BANKNIFTY24SEP45000CE,SELL,214.2,203.86,231.38,209.66,4.54
2024-03-10 14:33:00,BANKNIFTY24SEP45000PE,SELL,129.58,114.77,148.97,148.17,-18.59
2024-03-10 14:36:00,NIFTY24SEP24000PE,SELL,193.88,188.42,221.16,208.53,-14.65
2024-03-10 14:39:00,NIFTY24SEP24000CE,SELL,265.99,255.15,290.39,262.8,3.19
2024-03-10 14:42:00,NIFTY24SEP24000PE,SELL,169.01,158.31,183.92,176.03,-7.03
2024-03-11 14:45:00,BANKNIFTY24SEP45000CE,SELL,329.01,319.12,353.48,343.59,-14.58
2024-03-11 14:48:00,BANKNIFTY24SEP45000PE,BUY,319.83,311.31,332.63,326.69,6.86
2024-03-11 14:51:00,NIFTY24SEP24000PE,BUY,257.18,243.79,268.67,274.9,17.72
2024-03-11 14:54:00,NIFTY24SEP24000CE,BUY,223.72,210.29,238.35,237.0,13.29
2024-03-11 14:57:00,NIFTY24SEP24000CE,BUY,251.72,242.99,274.08,263.39,11.67
2024-03-12 15:00:00,BANKNIFTY24SEP45000PE,SELL,104.72,94.4,122.95,90.39,14.33
2024-03-12 15:03:00,BANKNIFTY24SEP45000CE,SELL,105.14,92.01,128.62,122.39,-17.25
2024-03-12 15:06:00,NIFTY24SEP24000PE,BUY,375.41,365.17,390.23,385.21,9.79
2024-03-12 15:09:00,BANKNIFTY24SEP45000CE,SELL,180.2,171.23,197.66,181.44,-1.24
2024-03-12 15:12:00,NIFTY24SEP24000PE,BUY,189.99,176.71,201.6,214.66,24.67
2024-03-13 09:15:00,NIFTY24SEP24000CE,BUY,221.58,212.81,241.1,232.05,10.47
2024-03-13 09:18:00,NIFTY24SEP24000PE,BUY,249.96,240.62,275.65,257.59,7.63
2024-03-13 09:21:00,NIFTY24SEP24000CE,BUY,168.93,154.92,192.78,176.6,7.67
2024-03-13 09:24:00,BANKNIFTY24SEP45000CE,BUY,377.25,365.4,392.86,383.97,6.72
2024-03-13 09:27:00,NIFTY24SEP24000CE,BUY,378.63,370.49,407.86,387.11,8.48
2024-03-14 09:30:00,BANKNIFTY24SEP45000PE,BUY,189.78,179.14,211.12,208.76,18.98
2024-03-14 09:33:00,BANKNIFTY24SEP45000CE,SELL,326.68,320.28,356.45,340.65,-13.97
2024-03-14 09:36:00,BANKNIFTY24SEP45000CE,BUY,129.31,121.98,140.83,138.51,9.21
2024-03-14 09:39:00,BANKNIFTY24SEP45000PE,SELL,108.89,101.15,138.74,113.51,-4.62
2024-03-14 09:42:00,BANKNIFTY24SEP45000CE,SELL,229.55,217.76,252.77,217.98,11.57
2024-03-15 09:45:00,BANKNIFTY24SEP45000CE,BUY,313.93,308.11,327.02,327.4,13.47
2024-03-15 09:48:00,NIFTY24SEP24000PE,SELL,195.0,188.94,205.11,192.33,2.67
2024-03-15 09:51:00,BANKNIFTY24SEP45000CE,SELL,130.67,124.8,149.29,137.95,-7.28
2024-03-15 09:54:00,BANKNIFTY24SEP45000PE,BUY,107.88,99.34,119.74,116.8,8.92
2024-03-15 09:57:00,BANKNIFTY24SEP45000CE,SELL,103.7,94.56,129.29,117.7,-13.99
2024-03-16 10:00:00,NIFTY24SEP24000PE,BUY,305.59,298.9,320.97,301.33,-4.26
2024-03-16 10:03:00,NIFTY24SEP24000PE,BUY,150.16,142.4,166.16,166.47,16.31
2024-03-16 10:06:00,BANKNIFTY24SEP45000CE,SELL,383.27,371.06,403.18,392.93,-9.67
2024-03-16 10:09:00,BANKNIFTY24SEP45000PE,BUY,140.65,135.58,158.56,159.31,18.66
2024-03-16 10:12:00,BANKNIFTY24SEP45000PE,SELL,232.07,222.76,258.54,243.11,-11.04
2024-03-17 10:15:00,NIFTY24SEP24000PE,SELL,196.2,181.73,210.22,193.77,2.43
2024-03-17 10:18:00,BANKNIFTY24SEP45000PE,SELL,187.43,175.48,207.25,195.47,-8.04
2024-03-17 10:21:00,NIFTY24SEP24000PE,SELL,212.82,199.65,230.68,202.37,10.44
2024-03-17 10:24:00,NIFTY24SEP24000PE,BUY,304.51,294.01,333.57,307.98,3.46
2024-03-17 10:27:00,NIFTY24SEP24000PE,SELL,339.31,325.99,350.69,358.22,-18.91
2024-03-18 10:30:00,BANKNIFTY24SEP45000PE,SELL,141.75,133.73,156.81,132.92,8.83
2024-03-18 10:33:00,BANKNIFTY24SEP45000PE,SELL,122.19,107.28,141.77,123.22,-1.03
2024-03-18 10:36:00,BANKNIFTY24SEP45000PE,BUY,337.22,328.62,365.13,343.69,6.48
2024-03-18 10:39:00,NIFTY24SEP24000CE,BUY,330.69,319.11,347.79,341.57,10.88
2024-03-18 10:42:00,NIFTY24SEP24000CE,SELL,390.04,381.73,415.97,379.28,10.76
2024-03-19 10:45:00,NIFTY24SEP24000CE,SELL,166.6,154.13,187.76,179.11,-12.51
2024-03-19 10:48:00,NIFTY24SEP24000PE,SELL,212.24,202.61,235.83,224.85,-12.62
2024-03-19 10:51:00,NIFTY24SEP24000PE,SELL,399.31,389.48,415.22,421.13,-21.82
2024-03-19 10:54:00,NIFTY24SEP24000CE,BUY,349.4,337.09,366.36,348.12,-1.28
2024-03-19 10:57:00,NIFTY24SEP24000PE,SELL,204.49,198.51,228.93,207.59,-3.1
2024-03-20 11:00:00,NIFTY24SEP24000CE,SELL,113.4,101.3,123.86,112.13,1.28
2024-03-20 11:03:00,NIFTY24SEP24000CE,BUY,378.98,366.57,399.3,386.05,7.08
2024-03-20 11:06:00,BANKNIFTY24SEP45000CE,SELL,387.54,380.22,405.64,379.92,7.62
2024-03-20 11:09:00,BANKNIFTY24SEP45000PE,SELL,108.76,97.62,122.7,117.45,-8.69
2024-03-20 11:12:00,BANKNIFTY24SEP45000PE,BUY,311.42,304.36,336.47,328.77,17.35
2024-03-21 11:15:00,NIFTY24SEP24000CE,BUY,339.85,329.48,357.17,332.73,-7.12
2024-03-21 11:18:00,NIFTY24SEP24000CE,SELL,301.21,291.32,330.53,298.75,2.46
2024-03-21 11:21:00,BANKNIFTY24SEP45000PE,SELL,276.1,267.62,303.01,285.8,-9.69
2024-03-21 11:24:00,BANKNIFTY24SEP45000CE,BUY,301.63,293.5,316.4,291.31,-10.32
2024-03-21 11:27:00,BANKNIFTY24SEP45000CE,BUY,253.25,244.07,266.0,253.6,0.35
2024-03-22 11:30:00,NIFTY24SEP24000PE,SELL,290.65,278.72,313.56,315.65,-25.0
2024-03-22 11:33:00,NIFTY24SEP24000PE,SELL,186.65,179.78,213.49,196.43,-9.78
2024-03-22 11:36:00,BANKNIFTY24SEP45000CE,BUY,245.38,238.43,263.06,252.85,7.46
2024-03-22 11:39:00,BANKNIFTY24SEP45000PE,SELL,305.41,296.25,332.21,309.96,-4.55
2024-03-22 11:42:00,NIFTY24SEP24000CE,BUY,338.76,331.56,349.42,332.76,-6.01
2024-03-23 11:45:00,BANKNIFTY24SEP45000CE,BUY,334.22,323.57,359.67,339.03,4.81
2024-03-23 11:48:00,NIFTY24SEP24000CE,BUY,180.37,169.94,210.18,187.05,6.68
2024-03-23 11:51:00,NIFTY24SEP24000CE,SELL,263.91,249.01,275.95,282.11,-18.2
2024-03-23 11:54:00,NIFTY24SEP24000PE,SELL,362.44,357.12,377.7,381.93,-19.49
2024-03-23 11:57:00,NIFTY24SEP24000CE,SELL,359.59,353.41,385.82,352.98,6.6
2024-03-24 12:00:00,BANKNIFTY24SEP45000CE,SELL,149.79,143.4,163.93,143.07,6.72
2024-03-24 12:03:00,NIFTY24SEP24000CE,SELL,259.68,248.72,273.05,283.84,-24.16
2024-03-24 12:06:00,BANKNIFTY24SEP45000CE,SELL,271.82,257.3,292.11,292.83,-21.01
2024-03-24 12:09:00,NIFTY24SEP24000CE,BUY,388.83,375.97,417.21,413.53,24.7
2024-03-24 12:12:00,NIFTY24SEP24000PE,BUY,174.9,162.79,201.47,190.36,15.46
2024-03-25 12:15:00,BANKNIFTY24SEP45000PE,SELL,142.65,131.33,165.21,142.66,-0.01
2024-03-25 12:18:00,NIFTY24SEP24000CE,BUY,220.86,208.36,244.75,240.95,20.09
2024-03-25 12:21:00,BANKNIFTY24SEP45000PE,SELL,198.19,193.16,223.67,212.5,-14.31
2024-03-25 12:24:00,BANKNIFTY24SEP45000PE,SELL,355.03,342.08,372.99,378.76,-23.73
2024-03-25 12:27:00,NIFTY24SEP24000PE,SELL,180.56,167.28,197.32,188.68,-8.12
2024-03-26 12:30:00,BANKNIFTY24SEP45000PE,SELL,368.25,355.62,379.17,378.29,-10.05
2024-03-26 12:33:00,BANKNIFTY24SEP45000PE,BUY,137.27,123.69,156.1,122.3,-14.97
2024-03-26 12:36:00,BANKNIFTY24SEP45000PE,BUY,398.71,384.61,426.35,395.78,-2.93
2024-03-26 12:39:00,BANKNIFTY24SEP45000CE,BUY,296.38,288.87,313.81,317.53,21.15
2024-03-26 12:42:00,NIFTY24SEP24000PE,BUY,218.9,210.85,242.89,213.27,-5.63
2024-03-27 12:45:00,NIFTY24SEP24000CE,BUY,100.33,90.56,112.98,94.37,-5.95
2024-03-27 12:48:00,BANKNIFTY24SEP45000PE,BUY,102.42,93.98,114.83,121.83,19.41
2024-03-27 12:51:00,NIFTY24SEP24000PE,SELL,121.25,112.42,145.86,110.35,10.9
2024-03-27 12:54:00,BANKNIFTY24SEP45000CE,SELL,364.3,357.93,389.77,379.42,-15.13
2024-03-27 12:57:00,NIFTY24SEP24000PE,BUY,120.52,109.89,142.73,112.09,-8.44
2024-03-28 13:00:00,BANKNIFTY24SEP45000CE,BUY,288.42,281.91,306.66,300.89,12.46
2024-03-28 13:03:00,NIFTY24SEP24000PE,BUY,368.98,362.58,381.44,383.18,14.2
2024-03-28 13:06:00,BANKNIFTY24SEP45000CE,SELL,194.35,187.95,209.89,182.72,11.63
2024-03-28 13:09:00,BANKNIFTY24SEP45000CE,BUY,354.37,342.78,370.4,360.08,5.71
2024-03-28 13:12:00,NIFTY24SEP24000PE,SELL,188.66,183.12,216.62,211.85,-23.19
2024-03-29 13:15:00,BANKNIFTY24SEP45000PE,SELL,133.82,123.83,155.7,139.95,-6.13
2024-03-29 13:18:00,NIFTY24SEP24000CE,SELL,380.18,373.86,407.39,387.91,-7.74
2024-03-29 13:21:00,BANKNIFTY24SEP45000CE,BUY,328.82,314.27,354.23,314.49,-14.33
2024-03-29 13:24:00,NIFTY24SEP24000CE,BUY,178.66,173.26,189.86,195.23,16.57
2024-03-29 13:27:00,BANKNIFTY24SEP45000CE,SELL,227.07,218.05,249.88,233.58,-6.51
2024-03-30 13:30:00,NIFTY24SEP24000PE,SELL,125.08,119.29,153.5,149.05,-23.97
2024-03-30 13:33:00,NIFTY24SEP24000PE,SELL,217.22,205.88,243.91,229.46,-12.24
2024-03-30 13:36:00,NIFTY24SEP24000CE,SELL,309.6,297.3,336.53,296.92,12.68
2024-03-30 13:39:00,NIFTY24SEP24000CE,SELL,134.8,123.67,145.9,146.44,-11.64
2024-03-30 13:42:00,NIFTY24SEP24000PE,BUY,103.8,97.43,114.03,108.66,4.86
2024-03-31 13:45:00,BANKNIFTY24SEP45000CE,SELL,150.09,143.82,175.71,145.84,4.25
2024-03-31 13:48:00,NIFTY24SEP24000CE,BUY,200.5,191.21,220.98,196.02,-4.48
2024-03-31 13:51:00,NIFTY24SEP24000CE,SELL,236.56,227.96,256.55,244.23,-7.68
2024-03-31 13:54:00,BANKNIFTY24SEP45000CE,BUY,176.53,170.51,198.01,190.45,13.91
2024-03-31 13:57:00,NIFTY24SEP24000PE,BUY,113.21,99.58,128.1,117.08,3.87
2024-04-01 14:00:00,BANKNIFTY24SEP45000PE,BUY,153.69,139.08,164.4,170.81,17.12
2024-04-01 14:03:00,BANKNIFTY24SEP45000PE,BUY,196.54,187.38,220.95,192.39,-4.15
2024-04-01 14:06:00,NIFTY24SEP24000CE,SELL,135.82,124.09,146.87,129.75,6.07
2024-04-01 14:09:00,NIFTY24SEP24000CE,SELL,120.68,111.03,136.32,139.47,-18.79
2024-04-01 14:12:00,BANKNIFTY24SEP45000CE,BUY,265.93,260.85,279.94,273.48,7.55
2024-04-02 14:15:00,BANKNIFTY24SEP45000CE,BUY,239.18,228.26,259.05,255.08,15.9
2024-04-02 14:18:00,NIFTY24SEP24000PE,BUY,145.17,130.85,155.65,151.83,6.66
2024-04-02 14:21:00,NIFTY24SEP24000CE,SELL,100.44,88.87,127.42,114.53,-14.09
2024-04-02 14:24:00,NIFTY24SEP24000CE,BUY,258.94,251.56,278.78,246.34,-12.6
2024-04-02 14:27:00,NIFTY24SEP24000PE,SELL,127.91,113.7,155.85,133.7,-5.79
2024-04-03 14:30:00,BANKNIFTY24SEP45000CE,SELL,392.37,386.52,404.28,382.71,9.66
2024-04-03 14:33:00,BANKNIFTY24SEP45000PE,BUY,277.57,271.95,300.82,267.8,-9.77
2024-04-03 14:36:00,BANKNIFTY24SEP45000CE,SELL,355.27,341.01,373.13,373.55,-18.28
2024-04-03 14:39:00,BANKNIFTY24SEP45000CE,SELL,235.83,228.49,264.7,226.27,9.56
2024-04-03 14:42:00,NIFTY24SEP24000CE,BUY,131.7,122.2,147.98,121.53,-10.17
2024-04-04 14:45:00,BANKNIFTY24SEP45000CE,BUY,235.58,225.94,262.62,224.19,-11.38
2024-04-04 14:48:00,BANKNIFTY24SEP45000CE,BUY,164.51,150.94,177.47,177.95,13.45
2024-04-04 14:51:00,BANKNIFTY24SEP45000CE,SELL,254.04,242.27,269.24,278.66,-24.63
2024-04-04 14:54:00,NIFTY24SEP24000CE,SELL,356.38,345.82,377.38,345.17,11.21
2024-04-04 14:57:00,NIFTY24SEP24000CE,BUY,136.44,130.82,162.06,130.33,-6.11
2024-04-05 15:00:00,NIFTY24SEP24000PE,SELL,211.67,200.37,234.57,219.96,-8.29
2024-04-05 15:03:00,BANKNIFTY24SEP45000CE,BUY,106.54,100.9,134.59,109.28,2.74
2024-04-05 15:06:00,NIFTY24SEP24000PE,BUY,371.52,358.23,388.15,358.23,-13.29
2024-04-05 15:09:00,BANKNIFTY24SEP45000PE,BUY,150.4,139.66,176.83,151.2,0.8
2024-04-05 15:12:00,NIFTY24SEP24000CE,SELL,304.96,298.24,319.26,297.45,7.51
2024-04-06 09:15:00,BANKNIFTY24SEP45000CE,SELL,365.03,359.68,387.41,359.86,5.17
2024-04-06 09:18:00,BANKNIFTY24SEP45000CE,SELL,223.6,213.09,234.82,219.79,3.81
2024-04-06 09:21:00,NIFTY24SEP24000PE,SELL,159.84,145.99,180.35,170.07,-10.23
2024-04-06 09:24:00,NIFTY24SEP24000CE,SELL,334.57,325.98,355.47,338.96,-4.39
2024-04-06 09:27:00,BANKNIFTY24SEP45000CE,SELL,181.13,175.87,203.07,167.3,13.83
2024-04-07 09:30:00,BANKNIFTY24SEP45000CE,BUY,342.6,332.88,359.74,350.96,8.36
2024-04-07 09:33:00,NIFTY24SEP24000PE,BUY,130.04,118.47,145.37,147.69,17.65
2024-04-07 09:36:00,NIFTY24SEP24000CE,BUY,272.71,257.88,290.48,295.12,22.41
2024-04-07 09:39:00,NIFTY24SEP24000PE,BUY,170.97,162.79,195.73,170.32,-0.65
2024-04-07 09:42:00,NIFTY24SEP24000CE,SELL,384.27,373.63,405.53,376.8,7.47
2024-04-08 09:45:00,BANKNIFTY24SEP45000PE,SELL,152.67,147.29,163.79,161.73,-9.07
2024-04-08 09:48:00,NIFTY24SEP24000CE,SELL,100.21,86.03,114.23,90.42,9.78
2024-04-08 09:51:00,NIFTY24SEP24000PE,SELL,117.87,111.39,141.96,108.53,9.33
2024-04-08 09:54:00,NIFTY24SEP24000CE,SELL,388.17,379.43,417.01,388.99,-0.82
2024-04-08 09:57:00,NIFTY24SEP24000CE,SELL,190.53,184.17,203.68,213.48,-22.95
2024-04-09 10:00:00,BANKNIFTY24SEP45000PE,SELL,152.26,137.57,176.13,174.41,-22.15
2024-04-09 10:03:00,BANKNIFTY24SEP45000CE,BUY,299.66,286.51,317.23,314.02,14.36
2024-04-09 10:06:00,BANKNIFTY24SEP45000CE,BUY,153.31,148.29,177.35,161.23,7.91
2024-04-09 10:09:00,NIFTY24SEP24000CE,BUY,280.72,266.51,310.07,274.55,-6.16
2024-04-09 10:12:00,NIFTY24SEP24000CE,SELL,142.19,129.74,156.95,166.49,-24.3
